DUB,Substrate,label,TransDSI
O94782,O75385,1,0.49956026673316956
O94782,P10914,1,0.822812557220459
O94782,Q9BZK7,1,0.15326043963432312
O94782,Q16635,1,0.033155906945466995
O94782,P03372,1,0.5936919450759888
O94782,O95863,1,0.7261623740196228
O94782,P62249,1,0.523699164390564
Q15040,Q07820,1,0.9574485421180725
P35125,Q05586,1,0.9159196615219116
Q6R6M4,O60885,1,0.015860723331570625
Q6R6M4,Q16236,1,0.9220529198646545
Q9UPT9,P00533,1,0.5543797612190247
Q9UPT9,Q9NZQ7,1,0.09536811709403992
Q9UPT9,Q16665,1,0.45556122064590454
Q9UPT9,Q92905,1,0.8259546160697937
Q9UPT9,Q15465,1,0.03817971050739288
Q9UPT9,P46937,1,0.50654536485672
Q9UPT9,O75461,1,0.7273178696632385
Q92995,P53396,1,0.30804866552352905
Q92995,Q02218,1,0.609918475151062
Q92995,Q8NEB9,1,0.7564390301704407
Q92995,Q96P20,1,0.8446788787841797
Q92995,Q92547,1,0.07989490032196045
P45974,P35222,1,0.7077412009239197
P45974,O43623,1,0.5990653038024902
P45974,P49411,1,0.42625388503074646
P45974,Q92769,1,0.4666498601436615
P45974,P19544,1,0.731361985206604
P45974,Q9Y4K3,1,0.8584955334663391
P51784,O95863,1,0.6828694343566895
P51784,P62136,1,0.015345479361712933
P51784,O14497,1,0.09083665907382965
P51784,Q15233,1,0.08143126964569092
P51784,Q16236,1,0.9334639310836792
P51784,Q9H040,1,0.016940416768193245
P51784,O00425,1,0.13991504907608032
Q9Y6I4,Q15022,1,0.9845128655433655
Q9Y6I4,O95863,1,0.6901037693023682
Q9Y6I4,Q13887,1,0.8346179127693176
Q9Y6I4,Q9HAW4,1,0.9994304776191711
Q9Y6I4,P30304,1,0.3944467604160309
Q9Y6I4,P04198,1,0.7853531837463379
Q9Y6I4,Q01860,1,0.8535235524177551
P21580,Q9Y572,1,0.3587151765823364
Q70EK9,Q8WYQ5,1,0.046844907104969025
Q86UV5,Q04206,1,0.9620572328567505
Q86UV5,Q8N6T7,1,0.32759004831314087
Q9HBJ7,Q8N884,1,0.8603097200393677
Q96FW1,P51965,1,0.43729788064956665
Q96FW1,Q9UPY5,1,0.24343469738960266
Q96FW1,P22736,1,0.6089398264884949
Q96FW1,Q9NZQ7,1,0.09962502121925354
Q96FW1,P43246,1,0.9790728688240051
Q9UGI0,Q9P2Y5,1,0.6977851986885071
Q9UGI0,Q8NEB9,1,0.90468829870224
Q9UGI0,Q9ULT8,1,0.6280714869499207
Q5VV17,P46937,1,0.3126387596130371
Q5VV17,Q14653,1,0.6163432598114014
Q5VV17,Q07820,1,0.9324790835380554
Q5VV17,Q9HCE7,1,0.15842761099338531
Q9BXU7,O95863,1,0.6785162687301636
Q92560,Q6FI13,1,0.8858318328857422
Q92560,P46531,1,0.882656991481781
Q92560,Q15831,1,0.6232443451881409
Q92560,P60484,1,0.9844308495521545
Q9UHP3,P46531,1,0.8189477324485779
Q9Y5K5,Q6P4R8,1,0.0001507515844423324
Q9Y2K6,P35222,1,0.7719939351081848
Q9Y2K6,O75385,1,0.4352385103702545
Q9Y2K6,Q13546,1,0.4684140980243683
Q9Y2K6,Q13501,1,0.44194623827934265
Q9Y2K6,O43623,1,0.6684910655021667
Q13107,Q15382,1,0.16575993597507477
Q13107,Q15672,1,0.823859691619873
Q86T82,O95863,1,0.6259940266609192
Q86T82,Q99814,1,0.41440507769584656
Q9Y5T5,P62979,1,0.030357128009200096
Q9Y5T5,P01106,1,0.8090277314186096
Q70EK8,P25963,1,0.2725723683834076
Q96BN8,O75143,1,0.9164530038833618
Q96BN8,P37023,1,0.838245689868927
P54578,P08670,1,0.01916540041565895
P54578,Q9H5J4,1,0.9315666556358337
P54578,O95786,1,0.9748498201370239
P54578,P14635,1,0.9465042948722839
P54578,P12956,1,0.9675742983818054
P54578,Q9UPN3,1,0.002353198127821088
P54578,Q96RJ0,1,0.9282023906707764
P54578,P25963,1,0.3486749529838562
Q9P2H5,P03372,1,0.5366072058677673
O94966,P04150,1,0.5324609875679016
O94966,Q01844,1,0.31206613779067993
O94966,Q8IVP5,1,0.007153743878006935
O94966,Q9Y6Q9,1,0.274641752243042
Q9H0E7,Q15910,1,0.025708021596074104
Q9H0E7,P09467,1,0.9385691285133362
Q9H0E7,Q86WV6,1,0.7489948272705078
Q9H0E7,O15169,1,0.7748339176177979
Q9H0E7,Q9BZS1,1,0.8542028665542603
P46736,O60674,1,0.48095327615737915
P46736,Q96P20,1,0.6658990979194641
P54252,Q13635,1,0.9922367930412292
P54252,O43474,1,0.827736496925354
P54252,Q9BXW4,1,0.12156576663255692
P54252,O95166,1,0.12323754280805588
P54252,Q15382,1,0.13560618460178375
Q4G0A6,Q08050,1,0.8135588765144348
Q9UPU5,O75385,1,0.4529818594455719
P40818,Q7LBR1,1,0.27226367592811584
P40818,P29466,1,0.6610504388809204
P40818,P37840,1,0.9834560751914978
P40818,Q9HCE0,1,0.012645860202610493
P40818,P48431,1,0.46275031566619873
P40818,Q4U2R8,1,0.23244139552116394
P40818,Q16620,1,0.5237149000167847
Q8N5J2,P46937,1,0.6581692099571228
Q9NQC7,Q15154,1,0.9996516704559326
Q9NQC7,P59044,1,0.9378909468650818
Q9NQC7,P42773,1,0.377291738986969
Q96JH7,Q9H040,1,0.04457778111100197
Q01804,Q7Z434,1,0.00024222797947004437
Q96RU2,P15056,1,0.4053766429424286
Q96RU2,P40763,1,0.004661767277866602
Q96RU2,Q9HA47,1,0.007556518539786339
Q96RU2,P46531,1,0.8113802671432495
Q96DX7,Q16665,1,0.6706386208534241
Q96DC9,P10070,1,0.9044975638389587
Q93009,P51955,1,0.45289698243141174
Q93009,P01106,1,0.798482358455658
Q93009,P46531,1,0.6904602646827698
Q93009,P46937,1,0.5057986974716187
Q93009,Q16204,1,0.5727595090866089
Q93009,P11474,1,0.5170712471008301
Q93009,O15169,1,0.7793195843696594
Q93009,O14757,1,0.43349090218544006
Q93009,O15524,1,0.7004956603050232
Q93009,P53350,1,0.45502322912216187
Q93009,Q8NHW3,1,0.9656538367271423
Q93009,O75444,1,0.9822549819946289
Q93009,P23759,1,0.20337003469467163
Q93009,Q15910,1,0.027060212567448616
Q93009,Q07820,1,0.9679722189903259
Q93009,P30304,1,0.39545708894729614
Q93009,Q16778,1,0.9957457184791565
Q93009,Q9H8V3,1,0.038040947169065475
Q93009,P48764,1,0.9700883626937866
Q93009,Q96PU5,1,0.12616489827632904
Q93009,Q96C12,1,0.015967998653650284
Q93009,Q16656,1,0.9691116213798523
Q93009,P00519,1,0.38559672236442566
Q53GS9,O96017,1,0.41327357292175293
Q53GS9,P42224,1,0.007460188120603561
Q53GS9,P37275,1,0.7921492457389832
Q7L8S5,O00429,1,0.19818520545959473
Q7L8S5,O14965,1,0.23843581974506378
Q9P275,Q15910,1,0.027798639610409737
Q9P275,Q05195,1,0.019329139962792397
Q70EL4,P37275,1,0.7905133366584778
P15374,Q08050,1,0.7882204651832581
Q70CQ1,P28562,1,0.22694367170333862
Q70CQ1,Q86WV6,1,0.7410810589790344
Q70CQ1,P60484,1,0.9790173172950745
Q70CQ1,Q9HC16,1,0.05224983021616936
Q5T2D3,P04637,1,0.8317291140556335
Q8TEY7,P35813,1,0.6504452228546143
Q8TEY7,O60260,1,0.9060387015342712
Q8TEY7,P28562,1,0.24590763449668884
Q8TEY7,P01106,1,0.7972152233123779
Q96G74,P13010,1,0.001820742036215961
Q96G74,Q14258,1,0.20107989013195038
O15372,O95863,1,0.6622817516326904
Q9Y4E8,Q04206,1,0.9644449353218079
Q9Y4E8,P55212,1,0.775775671005249
Q9Y4E8,Q9UHD2,1,0.39730286598205566
Q9Y4E8,Q9NVV4,1,0.003328776452690363
Q9Y4E8,Q6N021,1,0.797184944152832
Q9Y4E8,Q9H257,1,0.07956261932849884
Q9Y4E8,Q13451,1,0.6600857973098755
Q9Y4E8,P35659,1,0.9329498410224915
Q9Y4E8,P60842,1,0.25052061676979065
Q504Q3,Q99708,1,0.7961113452911377
O00487,P01584,1,0.7722657322883606
O00487,P62993,1,0.19810400903224945
O00487,Q04771,1,0.5992367267608643
Q9UK80,Q08050,1,0.8615936636924744
Q9UK80,P15407,1,0.9186443090438843
Q9UK80,Q15910,1,0.028427984565496445
Q70CQ2,Q9UKV5,1,0.08254998177289963
O95630,P00533,1,0.3749121427536011
Q6GQQ9,Q13042,1,0.2568868100643158
Q6GQQ9,P48431,1,0.21230177581310272
Q6GQQ9,P08069,1,0.43409833312034607
Q6GQQ9,P35222,1,0.6610170602798462
Q6GQQ9,O60341,1,0.4406530559062958
Q9C040,O95863,1,0.809516191482544
Q14694,O43623,1,0.6982288360595703
Q14694,P04049,1,0.49249082803726196
Q14694,P36888,1,0.543822705745697
Q14694,P37198,1,0.4272681772708893
Q14694,Q96DH6,1,0.03933408111333847
Q14694,Q13309,1,0.18419219553470612
Q14694,Q13485,1,0.7728018760681152
Q14694,O43474,1,0.8308137059211731
Q14694,P43405,1,0.44598880410194397
Q14694,P48764,1,0.972724199295044
Q14694,P24385,1,0.9450879096984863
Q14694,Q9GZQ8,1,0.15958938002586365
Q14694,Q8WX94,1,0.8783097267150879
Q14694,P15880,1,1.70557802903204e-06
P09936,P10636,1,0.9826883673667908
P09936,P37840,1,0.9791542291641235
P09936,P19838,1,0.658883810043335
P09936,P10145,1,0.3761536180973053
P09936,P05231,1,0.03878895565867424
P09936,P36897,1,0.7699671983718872
P09936,Q15796,1,0.9037600755691528
P09936,P84022,1,0.9039809703826904
P09936,P25963,1,0.5427137613296509
Q93008,Q9NZQ7,1,0.09676773101091385
Q93008,Q14457,1,0.9946314096450806
Q93008,Q9UPN4,1,0.5258862376213074
Q93008,O95835,1,0.39529845118522644
Q93008,Q9Y4H2,1,0.9733450412750244
Q93008,Q9Y4L5,1,0.11546716094017029
Q93008,P47895,1,0.05355800688266754
Q93008,O00512,1,0.786156415939331
Q93008,Q8WTU0,1,0.04399415850639343
Q93008,O14684,1,0.37942638993263245
Q93008,O14641,1,0.8083390593528748
Q93008,P38398,1,0.5565028190612793
Q93008,Q6R327,1,0.012495376169681549
Q93008,Q9H3R0,1,0.038424864411354065
Q93008,Q9H6Z9,1,0.29433971643447876
A6NNY8,O95863,1,0.6789636611938477
A6NNY8,O95786,1,0.9741265773773193
Q15018,Q96P20,1,0.9038838744163513
Q8NB14,O60341,1,0.8205549716949463
Q8NB14,P01106,1,0.7746535539627075
P62068,P10275,1,0.5345750451087952
P62068,P06733,1,0.854131817817688
P62068,P26927,1,0.07258480042219162
Q9UMW8,Q15672,1,0.8245577812194824
Q9UMW8,O95863,1,0.6931982040405273
Q9UMW8,P46531,1,0.7051616907119751
Q9UMW8,Q9C0B1,1,0.9117691516876221
Q96F44,Q16828,1,0.3815370798110962
Q5VVJ2,Q86WV6,1,0.7624608278274536
O94782,P55060,0,0.019805656746029854
O94782,Q13107,0,0.04797004535794258
O94782,Q9H3U1,0,0.5258192420005798
O94782,O14544,0,0.49240514636039734
O94782,Q8IZ83,0,0.05990868806838989
O94782,O15131,0,0.0064581516198813915
O94782,Q5VXU3,0,0.6012393236160278
Q15040,Q8NG27,0,0.11276768893003464
P35125,Q8N8A2,0,0.3579205274581909
Q6R6M4,P0C7H9,0,0.04300575330853462
Q6R6M4,Q14145,0,0.12296212464570999
Q9UPT9,Q96ES7,0,0.3892049789428711
Q9UPT9,O15511,0,0.04102390259504318
Q9UPT9,P41252,0,0.00029388093389570713
Q9UPT9,Q6UWR7,0,0.2719368040561676
Q9UPT9,Q15393,0,0.002528537530452013
Q9UPT9,P61160,0,0.10901371389627457
Q9UPT9,P29016,0,0.2812490463256836
Q92995,Q15038,0,0.2733684778213501
Q92995,Q9BUL9,0,0.8165982961654663
Q92995,P55072,0,0.18439559638500214
Q92995,P36957,0,0.046525802463293076
Q92995,Q13571,0,0.6514272689819336
P45974,Q9BZF1,0,0.3762555718421936
P45974,Q9BYV2,0,0.05246002599596977
P45974,Q9NYL9,0,0.01341965887695551
P45974,P62140,0,0.015476291999220848
P45974,Q96C12,0,0.013673064298927784
P45974,O00488,0,0.9901496171951294
P51784,Q14781,0,0.050676144659519196
P51784,Q96DT6,0,0.07077345997095108
P51784,P31689,0,0.045376088470220566
P51784,Q6PIJ6,0,0.011335675604641438
P51784,P0CG48,0,0.02287932299077511
P51784,Q9UIA9,0,0.001266489620320499
P51784,Q03060,0,0.03454626724123955
Q9Y6I4,Q8N5D0,0,0.2834566533565521
Q9Y6I4,Q6FIF0,0,0.6573450565338135
Q9Y6I4,Q15717,0,0.05692286044359207
Q9Y6I4,P55884,0,0.19266203045845032
Q9Y6I4,Q92731,0,0.5343180894851685
Q9Y6I4,Q5T2W1,0,0.2704615890979767
Q9Y6I4,P0CG48,0,0.021649105474352837
P21580,Q9H4A3,0,0.2762705087661743
Q70EK9,A6NNY8,0,0.024951312690973282
Q86UV5,P38159,0,0.014939392916858196
Q86UV5,Q5XPI4,0,0.26765307784080505
Q9HBJ7,Q7Z434,0,0.00042160824523307383
Q96FW1,P31944,0,0.8170670866966248
Q96FW1,Q8WZ73,0,0.08063961565494537
Q96FW1,Q9UNH7,0,0.013296984136104584
Q96FW1,Q8TA86,0,0.009691007435321808
Q96FW1,O75460,0,0.5687226057052612
Q9UGI0,Q15560,0,0.7721816897392273
Q9UGI0,Q9Y508,0,0.8905377984046936
Q9UGI0,P50416,0,0.3496444523334503
Q5VV17,Q14315,0,6.43178282189183e-05
Q5VV17,P21333,0,0.00010250130435451865
Q5VV17,Q92985,0,0.6247148513793945
Q5VV17,O14965,0,0.1510566622018814
Q9BXU7,Q9BXU7,0,0.09077761322259903
Q92560,O75179,0,0.46039894223213196
Q92560,Q9NQV6,0,0.6605634689331055
Q92560,A6NK58,0,0.04220431670546532
Q92560,Q5T200,0,0.00048460697871632874
Q9UHP3,P04406,0,0.061539147049188614
Q9Y5K5,Q5TDH0,0,0.05352826043963432
Q9Y2K6,P15374,0,0.09064795076847076
Q9Y2K6,P55201,0,0.07323823869228363
Q9Y2K6,Q96RY5,0,0.8563894033432007
Q9Y2K6,P59942,0,0.015161421149969101
Q9Y2K6,O00231,0,0.041755639016628265
Q13107,P19438,0,0.07556218653917313
Q13107,Q92556,0,0.3855440020561218
Q86T82,Q5UIP0,0,0.40988820791244507
Q86T82,Q96EB6,0,0.5776523351669312
Q9Y5T5,Q86UY6,0,0.4901760220527649
Q9Y5T5,Q96JN8,0,0.0680597722530365
Q70EK8,Q13867,0,0.9125542044639587
Q96BN8,Q9NRM0,0,0.058249618858098984
Q96BN8,Q9UDY8,0,0.10493650287389755
P54578,Q12769,0,0.04512515291571617
P54578,P12268,0,0.5240484476089478
P54578,P62701,0,0.6172811985015869
P54578,Q15645,0,0.0360567606985569
P54578,Q9BVJ6,0,0.11210323870182037
P54578,Q92905,0,0.8396969437599182
P54578,O00479,0,0.001028942409902811
P54578,P07948,0,0.39933300018310547
Q9P2H5,P0CG48,0,0.023629434406757355
O94966,P49327,0,0.2883063554763794
O94966,Q13107,0,0.03375937044620514
O94966,P13473,0,0.34310945868492126
O94966,Q9BUN8,0,0.01795927807688713
Q9H0E7,P48431,0,0.45504406094551086
Q9H0E7,P62195,0,0.09480372071266174
Q9H0E7,P61964,0,0.15283392369747162
Q9H0E7,O95997,0,0.5143093466758728
Q9H0E7,P62191,0,0.10355842113494873
P46736,O96015,0,0.05604417622089386
P46736,O75150,0,0.024114543572068214
P54252,Q14CB8,0,0.10159606486558914
P54252,Q9BUB5,0,0.2670833170413971
P54252,Q9P2J5,0,0.2073518931865692
P54252,P11182,0,0.02624625712633133
P54252,Q02978,0,0.0096207270398736
Q4G0A6,O43164,0,0.046786773949861526
Q9UPU5,Q9NZN8,0,0.974170982837677
P40818,O75791,0,0.2625337541103363
P40818,Q69YN4,0,0.10496678948402405
P40818,O43633,0,0.3664371967315674
P40818,P42765,0,0.026652270928025246
P40818,P13164,0,0.02255851775407791
P40818,P42858,0,0.9466801881790161
P40818,P04150,0,0.5329462289810181
Q8N5J2,Q15038,0,0.145258367061615
Q9NQC7,Q96CV9,0,0.8748534321784973
Q9NQC7,Q04637,0,0.661526083946228
Q9NQC7,Q8WVX9,0,3.0487397452816367e-05
Q96JH7,Q9HD20,0,0.17015331983566284
Q01804,P05452,0,0.19267530739307404
Q96RU2,Q12792,0,0.0036164086777716875
Q96RU2,Q8TCT7,0,0.9309473037719727
Q96RU2,Q86SX3,0,0.0027554137632250786
Q96RU2,P14555,0,0.005358556751161814
Q96DX7,Q53HL2,0,0.027766168117523193
Q96DC9,O95863,0,0.8256049156188965
Q93009,Q5STR5,0,0.008714316412806511
Q93009,P13693,0,0.5509873032569885
Q93009,Q9UPN3,0,0.002275478793308139
Q93009,P35613,0,0.046862609684467316
Q93009,P17181,0,0.33850932121276855
Q93009,O60356,0,0.16881495714187622
Q93009,P36873,0,0.015479066409170628
Q93009,P63027,0,0.16363707184791565
Q93009,P78347,0,0.009942851960659027
Q93009,Q16543,0,0.03739006072282791
Q93009,Q969Q1,0,0.13081033527851105
Q93009,P41002,0,0.9399792551994324
Q93009,P15923,0,0.9855336546897888
Q93009,O00308,0,0.3342666029930115
Q93009,Q8IY57,0,0.9330260753631592
Q93009,Q9NX47,0,0.10224803537130356
Q93009,Q9H6Z9,0,0.28339704871177673
Q93009,Q9Y3C5,0,0.12242356687784195
Q93009,Q86SQ0,0,0.7053194642066956
Q93009,P33778,0,0.995739221572876
Q93009,Q8NBN3,0,0.5378071665763855
Q93009,Q92731,0,0.5343186259269714
Q93009,Q9Y6K1,0,0.22320428490638733
Q53GS9,O43159,0,0.07754655927419662
Q53GS9,Q04771,0,0.6194560527801514
Q53GS9,O60885,0,0.020090417936444283
Q7L8S5,Q8N1B4,0,0.0006359766121022403
Q7L8S5,P37198,0,0.14084772765636444
Q9P275,P60006,0,0.0042122285813093185
Q9P275,P54652,0,0.00910363532602787
Q70EL4,Q8WZ73,0,0.11080007255077362
P15374,P12268,0,0.3477588891983032
Q70CQ1,O95071,0,0.21473044157028198
Q70CQ1,Q96S55,0,0.0035848866682499647
Q70CQ1,P42704,0,0.0003929487429559231
Q70CQ1,O15182,0,0.04850411042571068
Q5T2D3,Q9BPX1,0,0.040486495941877365
Q8TEY7,P24001,0,0.4932052195072174
Q8TEY7,Q13618,0,0.02353842929005623
Q8TEY7,Q9Y4E8,0,0.03859540447592735
Q8TEY7,O95714,0,0.14618150889873505
Q96G74,P13807,0,0.06305822730064392
Q96G74,P30876,0,0.0015418834518641233
O15372,Q9P2A4,0,0.29755455255508423
Q9Y4E8,O95777,0,0.03486233577132225
Q9Y4E8,Q13228,0,0.0016585735138505697
Q9Y4E8,P35637,0,0.09625747054815292
Q9Y4E8,P00540,0,0.47041475772857666
Q9Y4E8,Q9BQ48,0,0.004908770322799683
Q9Y4E8,Q13033,0,0.2378341108560562
Q9Y4E8,Q9HBH9,0,0.3622346520423889
Q9Y4E8,Q9BY43,0,0.16478592157363892
Q9Y4E8,P84243,0,0.05399647355079651
Q504Q3,Q13247,0,0.6961238384246826
O00487,P10515,0,0.04453442245721817
O00487,Q9BRP4,0,0.1325945258140564
O00487,Q8TAK6,0,0.8492473363876343
Q9UK80,O43896,0,0.1677229404449463
Q9UK80,P36402,0,0.32309216260910034
Q9UK80,O15084,0,0.28692615032196045
Q70CQ2,Q8N5H7,0,0.25011128187179565
O95630,Q7Z7A4,0,0.047247156500816345
Q6GQQ9,Q9UM11,0,0.05534979701042175
Q6GQQ9,Q13501,0,0.3756454586982727
Q6GQQ9,Q9H845,0,0.011305185966193676
Q6GQQ9,P20618,0,0.013166669756174088
Q6GQQ9,Q9NWT6,0,0.0985199585556984
Q9C040,Q9UHK0,0,0.9347676038742065
Q14694,O75385,0,0.4823797643184662
Q14694,O00571,0,0.4155747890472412
Q14694,Q8WXF1,0,0.025950558483600616
Q14694,Q8WVV9,0,0.8063072562217712
Q14694,O95199,0,0.02610672079026699
Q14694,Q86SE9,0,0.8745650053024292
Q14694,O75170,0,0.05967177078127861
Q14694,P46531,0,0.6795297265052795
Q14694,O94874,0,0.0007910628919489682
Q14694,Q13501,0,0.3891840875148773
Q14694,Q13310,0,0.058079686015844345
Q14694,P06733,0,0.8427538275718689
Q14694,Q8TEQ6,0,0.12698893249034882
Q14694,Q96C12,0,0.016848301514983177
P09936,O95235,0,0.35995736718177795
P09936,Q5T750,0,0.0003329081810079515
P09936,O00425,0,0.08034878224134445
P09936,Q717R9,0,0.0005633466644212604
P09936,Q9BYB0,0,0.624729573726654
P09936,Q49A88,0,0.7828052639961243
P09936,O14561,0,0.058104269206523895
P09936,O95263,0,0.5994958281517029
P09936,P04629,0,0.756590723991394
Q93008,P55196,0,0.6105895042419434
Q93008,P50991,0,0.7519950270652771
Q93008,Q5SW79,0,0.4134013056755066
Q93008,Q9BSM1,0,0.9014660716056824
Q93008,Q9H4M7,0,0.027873067185282707
Q93008,Q86TG7,0,0.3285631537437439
Q93008,P46734,0,0.4536241292953491
Q93008,P61586,0,0.15435531735420227
Q93008,Q9C0C7,0,0.6896154880523682
Q93008,P54646,0,0.4626062214374542
Q93008,P21757,0,0.026494575664401054
Q93008,O00459,0,0.17354820668697357
Q93008,Q9NRC8,0,0.29801878333091736
Q93008,Q15796,0,0.7686192989349365
Q93008,Q8TB24,0,0.22316119074821472
A6NNY8,O95600,0,0.8336399793624878
A6NNY8,Q9ULK2,0,0.002320139668881893
Q15018,Q92567,0,0.5251108407974243
Q8NB14,P47897,0,0.011241819709539413
Q8NB14,P0CG48,0,0.017897579818964005
P62068,O75317,0,0.02461881749331951
P62068,Q13043,0,0.45638877153396606
P62068,Q9NU02,0,0.22207340598106384
Q9UMW8,Q13309,0,0.15773232281208038
Q9UMW8,Q8NEB9,0,0.6175390481948853
Q9UMW8,Q9Y6G1,0,0.3938637673854828
Q9UMW8,Q9UBU9,0,0.014629445038735867
Q96F44,Q8N9N5,0,0.03377801924943924
Q5VVJ2,Q9H4B7,0,0.011420180089771748
